fold,model,MAE,MSE,RMSE,MAPE
1,Naive,1300.0976666666666,2630660.2385146664,1621.9310215032779,5.6462410452778276
1,SeasonalNaive,138.65400000000045,25933.497579666626,161.0388076820821,0.6316617879233186
1,RollingMean,4699.205386948096,24585421.908091474,4958.368875758587,21.739549617398733
1,ETS,231.56276864573192,67850.31011211252,260.4809208216842,1.0401284201781897
1,HistGB,103.95281901271908,16835.16582588537,129.75039817235773,0.4632119204846454
1,ElasticNet,687.3228445677596,716933.7762336604,846.7194200168439,3.008843631144151
