{
  "Naive": {
    "MAE": 3497.6316805555557
  },
  "SeasonalNaive": {
    "MAE": 644.3272361111113
  },
  "RollingMean": {
    "MAE": 2363.0363131365866
  },
  "ETS": {
    "MAE": 651.0775936047761
  },
  "HistGB": {
    "MAE": 500.98244838214123
  },
  "ElasticNet": {
    "MAE": 729.0161996710405
  }
}