{
  "Naive": {
    "MAE": 1300.0976666666666
  },
  "SeasonalNaive": {
    "MAE": 138.65400000000045
  },
  "RollingMean": {
    "MAE": 4699.205386948096
  },
  "ETS": {
    "MAE": 231.56276864573192
  },
  "HistGB": {
    "MAE": 103.95281901271908
  },
  "ElasticNet": {
    "MAE": 687.3228445677596
  }
}